{"last_download_success": 1672049000.2503288, "unseen_downloads": [], "last_download_failure": 1672054819.9116654}